Name,Diagrams,Classes,Associations,Generalizations,type,historicalRole,historicalRoleMixin,event,situation,category,mixin,roleMixin,phaseMixin,kind,collective,quantity,relator,quality,mode,subkind,role,phase,enumeration,datatype,abstract,Issued,Keyword,Theme,OntologyType,Language,DesignedForTask,Context,RepresentationStyle,Keyword1,DesignedForTask1,Keyword2,Keyword3,Context1,OntologyType1,DesignedForTask2,DesignedForTask3,Keyword4,Keyword5,RepresentationStyle1
abel2015petroleum-system,1,29,21,9,0,0,0,3,4,0,1,0,0,4,0,6,0,2,0,0,3,0,5,1,0,2015,geology,Class Q - Science,domain,en,conceptual clarification,research,ontouml,petroleum,,,,,,,,,,
abrahao2018agriculture-operations,2,22,53,14,0,0,0,0,0,3,0,0,0,9,0,0,6,0,0,2,0,0,0,0,0,2018,agriculture,Class S - Agriculture,domain,en,conceptual clarification,research,ontouml,,interoperability,,,,,,,,,
aguiar2018rdbs-o,1,43,31,37,0,0,0,0,0,4,0,0,0,12,1,0,0,0,3,21,2,0,0,0,0,2018,relational databases,Class T - Technology,domain,en,conceptual clarification,research,ontouml,database structure,software engineering,,,,,,,,,
aguiar2019ooco,3,56,31,46,0,0,0,0,0,5,0,0,0,11,0,0,2,6,0,29,3,0,0,0,0,2019,object-oriented code,Class T - Technology,domain,en,conceptual clarification,research,ontouml,programming languages,,,,,,,,,,
ahmad2018aviation,2,21,10,19,0,0,0,0,0,0,0,0,0,0,0,0,0,0,0,0,0,0,0,0,0,2018,safety,Class T - Technology,domain,en,information retrieval,research,ufo,aviation,,,,,,,,,,
aires2022valuenetworks-geo,2,22,53,14,0,0,0,0,0,3,0,0,0,9,0,0,6,0,0,2,0,0,0,0,0,2022,value networks,Class H - Social Sciences,domain,en,language engineering,research,ontouml,,,,,,,,,,,
albuquerque2011ontobio,5,147,43,126,9,0,0,0,0,35,8,0,0,9,3,3,10,0,16,41,12,0,0,1,0,2011,biology,Class Q - Science,domain,en,software engineering,research,ontouml,,interoperability,,,,,,,,,
alpinebits2022,10,78,37,59,4,0,0,0,0,5,0,8,3,9,1,0,2,2,0,22,0,5,4,13,0,2020,tourism,"Class G - Geography, Anthropology, and Recreation",domain,en,software engineering,industry,ontouml,alpine tourism,interoperability,,,,,,,,,
amaral2019rot,9,48,45,35,0,0,0,4,2,14,0,8,0,1,0,0,1,4,2,8,3,0,0,1,0,2019,trust,Class H - Social Sciences,domain,en,conceptual clarification,research,ontouml,,,,,,,,,,,
amaral2020game-theory,2,22,20,13,0,0,0,11,3,1,0,1,0,0,0,0,1,1,3,0,0,0,0,1,0,2021,game theory,Class H - Social Sciences,domain,en,conceptual clarification,research,ontouml,risk,,value,enterprise architecture,,,,,,,
amaral2020rome,7,48,58,25,3,0,0,0,0,6,0,10,2,6,0,0,5,5,6,3,0,0,0,2,0,2020,money,Class H - Social Sciences,domain,en,conceptual clarification,research,ontouml,virtual currencies,,finance,,,,,,,,
amaral2022ethical-requirements,2,24,17,14,1,0,0,2,0,17,0,0,0,0,0,0,0,0,2,0,2,0,0,0,0,2022,requirements,Class T - Technology,domain,en,conceptual clarification,research,ontouml,ethics,,software engineering,,,,,,,,
andersson2018value-ascription,1,13,17,2,0,0,0,3,2,1,0,0,0,0,0,0,0,0,0,0,0,0,0,0,0,2018,economics,Class H - Social Sciences,domain,en,conceptual clarification,research,ontouml,value,,value ascription,,,,,,,,
andrade2023integracao,3,44,28,31,0,0,0,0,0,2,1,2,0,9,1,0,4,4,0,7,13,0,0,0,0,2023,scientific publishing,Class Q - Science,domain,pt-br,conceptual clarification,research,ontouml,sciences,software engineering,publishing,,,,,,,,
aristotle-ontology2019,20,182,147,105,0,0,0,7,0,1,1,0,0,53,2,2,8,4,11,69,18,4,0,2,0,2019,philosophy,"Class B - Philosophy, Psychology, Religion",domain,en,conceptual clarification,research,ontouml,,,,,,,,,,,
bank-model,1,23,14,16,0,0,0,0,0,1,0,1,0,3,1,0,7,0,1,5,4,0,0,0,0,2013,banking,Class H - Social Sciences,domain,en,learning,classroom,ontouml,finance,,,,,,,,,,
barcelos2013normative-acts,5,45,18,27,0,0,0,0,0,0,0,0,0,10,5,0,0,0,0,27,0,0,0,3,0,2013,normative acts,Class K - Law,domain,en,conceptual clarification,research,ontouml,,,,,industry,,,,,,
barcelos2015transport-networks,91,487,348,608,0,0,0,0,0,32,0,25,0,79,1,0,42,0,0,71,235,2,0,0,0,2015,networks,Class T - Technology,domain,en,conceptual clarification,research,ontouml,transport networks,interoperability,itu-t g.805,,,,,,,,
barros2020programming,1,12,0,11,0,0,0,0,0,0,0,0,0,0,0,0,1,0,0,11,0,0,0,0,0,2020,government,Class K - Law,domain,pt-br,conceptual clarification,research,ontouml,law,,,,,,,,,,
bernasconi2021ontovcm,5,76,67,40,10,3,1,8,0,3,0,4,0,13,2,1,9,0,0,17,5,0,0,0,0,2021,virology,Class Q - Science,domain,en,ontological analysis,research,ontouml,biology,,,,,,,,,,
brazilian-governmental-organizational-structures,1,15,7,15,0,0,0,0,0,4,0,0,0,5,0,0,0,0,0,3,0,3,0,0,0,2011,organizational structures,Class J - Political Science,domain,pt-br,conceptual clarification,industry,ontouml,government,,,,,,,,,,
buchtela2020connection,1,19,13,13,0,0,0,0,0,0,0,0,0,6,0,0,0,0,0,0,2,11,0,0,0,2020,education,Class L - Education,domain,en,conceptual clarification,research,ontouml,students' activities,,,,,,,,,,
buridan-ontology2021,6,54,53,48,0,0,0,0,0,1,1,0,0,11,0,0,4,0,6,26,5,0,0,0,0,2021,philosophy,"Class B - Philosophy, Psychology, Religion",domain,en,conceptual clarification,research,ontouml,,,,,,,,,,,
carolla2014campus-management,1,17,23,5,0,0,0,0,0,0,0,0,0,7,0,0,5,0,0,0,5,0,0,0,0,2014,education,Class L - Education,domain,en,conceptual clarification,research,ontouml,university,,,,,,,,,,
castro2012cloudvulnerability,4,32,27,21,0,0,0,0,0,2,0,0,0,11,0,0,6,0,0,10,3,0,0,0,0,2012,cloud computing,Class T - Technology,domain,en,conceptual clarification,research,ontouml,,interoperability,,,,,,,,,
cgts2021sebim,1,29,11,19,0,0,0,0,0,1,0,0,0,5,0,0,1,2,1,15,4,0,0,0,0,2021,sustainability,Class H - Social Sciences,domain,en,decision support system,research,ontouml,building,,,,,application,,,,,
chartered-service,1,11,14,0,0,0,0,0,0,2,0,0,0,0,1,0,2,0,2,0,4,0,0,0,0,2013,service science,Class H - Social Sciences,domain,en,conceptual clarification,classroom,ontouml,,interoperability,,,,,,,,,
clergy-ontology,1,29,33,16,0,0,0,0,0,0,0,0,0,1,5,0,7,0,0,0,16,0,0,0,0,2013,clergy,"Class B - Philosophy, Psychology, Religion",domain,en,learning,classroom,ontouml,,,,,,,,,,,
cmpo2017,1,55,66,50,0,0,0,22,0,4,1,2,0,5,0,0,0,0,1,5,7,6,0,0,0,2012,configuration management,Class H - Social Sciences,domain,en,conceptual clarification,research,ontouml,,interoperability,,,,,,,,,
construction-model,1,13,7,7,0,0,0,0,0,0,0,1,0,3,3,0,1,0,0,2,3,0,0,0,0,2013,construction,Class T - Technology,domain,en,learning,classroom,ontouml,,conceptual clarification,,,,,,,,,
debbech2019gosmo,1,22,25,12,0,0,0,0,0,0,0,0,0,0,0,0,0,0,0,0,0,0,0,0,0,2019,safety critical systems,Class T - Technology,domain,en,conceptual clarification,research,ufo,,,,,,,,,,,
debbech2020dysfunction-analysis,2,37,29,27,0,0,0,0,0,0,0,0,0,0,0,0,0,0,0,0,0,0,0,0,0,2020,safety,Class H - Social Sciences,domain,en,conceptual clarification,industry,ufo,,interoperability,,,,,,,,,
derave2019dpo,62,259,299,250,5,0,0,81,0,3,0,44,0,10,8,0,5,2,7,79,9,4,0,0,0,2019,digital platforms,Class T - Technology,core,en,software engineering,research,ontouml,,,,,,,,,,,
digitaldoctor2022,4,48,23,43,0,0,0,0,0,1,1,0,0,5,1,0,3,0,0,12,9,4,4,8,0,2022,healthcare,Class R - Medicine,domain,en,software engineering,classroom,ontouml,,learning,,,,,,,,,
dpo2017,1,40,51,35,0,0,0,18,0,3,0,1,0,5,0,0,0,0,0,11,2,0,0,0,0,2016,design process,Class T - Technology,domain,en,conceptual clarification,research,ontouml,software,,software engineering,,,,,,,,
duarte2018osdef,1,34,25,26,0,0,0,0,0,0,0,0,0,0,0,0,0,0,0,0,0,0,0,0,0,2018,software development,Class T - Technology,domain,en,conceptual clarification,research,ufo,software quality,,,,,,,,,,
duarte2018reqon,3,57,41,51,0,0,0,0,0,0,0,0,0,0,0,0,0,0,0,0,0,0,0,0,0,2018,requirements engineering,Class T - Technology,domain,en,conceptual clarification,research,ufo,,,,,,application,,,,,
duarte2020jogabilidade,2,19,21,2,0,0,0,1,2,0,0,0,0,5,0,0,1,4,0,0,2,0,0,4,0,2020,games,"Class G - Geography, Anthropology, and Recreation",domain,pt-br,conceptual clarification,research,ontouml,,,,,,,,,,,
duarte2021ross,4,31,23,24,0,0,0,0,0,0,0,0,0,0,0,0,0,0,0,0,0,0,0,0,0,2021,software systems,Class T - Technology,domain,en,conceptual clarification,research,ufo,software,,,,,,,,,,
elghosh2020cargos,1,10,15,2,0,0,0,1,0,0,0,2,0,1,0,0,1,0,2,1,2,0,0,0,0,2020,international maritime law,Class K - Law,application,en,conceptual clarification,research,ontouml,,,,,,,,,,,
elikan2018brand-identity,2,30,31,6,0,0,0,0,0,3,0,0,0,10,6,0,1,0,8,2,0,0,0,0,0,2018,business,Class H - Social Sciences,domain,en,conceptual clarification,research,ontouml,branding,,marketing,startup,,,,,,,
eu-rent-refactored2022,1,66,50,53,0,0,0,0,0,0,1,1,0,4,0,0,14,0,0,10,21,15,0,0,0,2022,car rental,Class H - Social Sciences,domain,en,example,research,ontouml,,,,,,,,,,,
experiment2013,1,22,26,0,0,0,0,0,0,0,0,0,0,15,1,0,0,0,4,0,0,0,0,2,0,2013,scientific experiments,Class Q - Science,domain,en,learning,classroom,ontouml,,,,,,,,,,,
falduci2022non-consensual-pornography,5,27,38,13,0,0,0,3,0,3,0,2,0,2,0,0,4,0,4,0,9,0,0,0,0,2022,Law,Class K - Law,domain,en,conceptual clarification,research,ontouml,Criminal Law,decision support system,Cybercrime,non-consensual pornography,,,interoperability,,,,
fernandez-cejas2022curie-o,1,29,21,14,0,0,0,7,0,0,0,0,0,4,1,0,2,0,1,2,0,12,0,0,0,2022,customer relationship management,Class H - Social Sciences,domain,en,conceptual clarification,research,ontouml,,,,,,,,,,,
ferreira2015ontoemergeplan,9,147,121,117,24,0,0,3,2,32,4,14,0,9,1,0,9,0,18,2,15,0,0,2,0,2013,emergency,Class H - Social Sciences,domain,en,conceptual clarification,research,ontouml,risk,,security,emergency management,,,,,,,
fischer2018ontorea,1,18,23,12,0,0,0,2,0,0,0,0,0,5,1,0,2,0,0,4,0,4,0,0,0,2017,finance,Class H - Social Sciences,domain,en,conceptual clarification,research,ontouml,accounting,,economics,,,,,,,,
fonseca2022incorporating,7,51,21,37,3,0,0,0,0,2,0,4,2,10,0,0,6,1,1,5,7,10,0,0,0,2022,bird,Class V - Naval Science,domain,en,example,research,ontouml,creative work,,ship,,,,,,,,
fraller2019abc,7,39,46,23,0,0,0,0,0,0,0,0,0,10,0,0,6,0,0,19,0,4,0,0,0,2019,activity-based costing,Class T - Technology,domain,en,conceptual clarification,research,ontouml,accounting,interoperability,economics,,,,,,,,
franco2018rpg,1,23,24,9,0,0,0,0,0,4,0,0,0,8,2,0,1,0,3,1,1,0,0,0,0,2018,games,"Class G - Geography, Anthropology, and Recreation",domain,en,conceptual clarification,research,ontouml,,interoperability,,,,,,,,,
freshbz2023,6,91,63,56,0,0,0,0,0,5,0,0,0,19,2,1,8,14,0,30,10,2,0,0,0,2023,university,Class T - Technology,application,en,software engineering,classroom,ontouml,information system,,,,,,,,,,
fumagalli2022criminal-investigation,1,10,9,8,0,0,0,0,0,0,0,0,0,1,0,0,2,0,0,0,7,0,0,0,0,2022,crime,Class H - Social Sciences,domain,en,example,research,ontouml,investigation,,,,,,,,,,
g809-2015,1,24,18,12,0,0,0,0,0,1,0,0,0,11,0,0,2,0,0,4,6,0,0,0,0,2013,networking,Class T - Technology,domain,en,conceptual clarification,classroom,ontouml,transmission systems,,,,,,,,,,
gailly2016value,1,12,15,0,0,0,0,1,1,0,0,0,0,0,0,0,2,0,0,0,0,0,0,0,0,2016,value,Class H - Social Sciences,core,en,conceptual clarification,research,ontouml,,,,,,,,,,,
garcia2022human-genome-events,1,15,8,10,1,0,4,5,0,1,0,0,2,0,0,0,0,0,0,0,0,0,0,2,0,2022,human genome,Class Q - Science,domain,en,conceptual clarification,research,ontouml,biological event,,biological pathways,,,,,,,,
gi2mo,4,68,63,42,4,0,0,0,0,0,0,0,0,4,2,0,17,0,4,0,26,6,0,5,0,2013,creative work,Class H - Social Sciences,domain,en,conceptual clarification,classroom,ontouml,idea management,,,,,,,,,,
gomes2022digital-technology,1,19,18,13,0,0,0,0,0,15,0,0,0,0,3,0,1,0,0,0,0,0,0,0,0,2022,digital technology,Class T - Technology,domain,en,conceptual clarification,research,ontouml,digital object,,syntactic object,bitstring,,,,,,,
goncalves2011ecg,11,133,165,70,0,0,0,8,0,3,0,3,0,33,7,3,12,0,4,24,20,8,0,8,0,2007,electrocardiography,Class R - Medicine,domain,en,conceptual clarification,research,ontouml,heart,interoperability,medicine,,,,ontological analysis,software engineering,,,
grueau2013towards,1,13,3,10,0,0,0,0,0,0,0,0,0,0,0,0,0,0,0,0,0,0,0,0,0,2014,language engineering,Class T - Technology,domain,en,conceptual clarification,research,ontouml,,ontological analysis,,,,,,,,,
guarino2016value,1,18,37,2,0,0,0,0,0,3,1,1,0,0,0,0,4,7,0,0,2,0,0,0,0,2016,enterprise,Class H - Social Sciences,core,en,conceptual clarification,research,ontouml,value modeling,interoperability,,,,,,,,,
guarino2018rea,1,11,12,5,0,0,0,2,0,1,0,3,0,0,0,0,1,0,2,2,0,0,0,0,0,2018,REA,Class H - Social Sciences,core,en,conceptual clarification,research,ontouml,finance,,accounting,economics,,,,,,,
guizzardi2005ontological,1,43,25,35,0,0,0,0,0,7,2,0,0,9,1,1,3,0,4,3,7,4,0,2,0,2005,agenthood,Class H - Social Sciences,domain,en,example,research,ontouml,organization,,location,,,,,,,,
guizzardi2014nfr,1,18,11,9,0,0,0,0,0,0,0,0,0,0,0,0,0,0,0,0,0,0,0,0,0,2014,non-functional requirements,Class T - Technology,core,en,ontological analysis,research,ufo,,conceptual clarification,,,,,,,,,
guizzardi2020decision-making,5,54,61,15,1,0,0,3,0,0,1,3,0,3,0,0,4,4,8,0,3,0,0,0,0,2020,decision making,Class H - Social Sciences,core,en,conceptual clarification,research,ontouml,,,,,,,,,,,
guizzardi2022ufo,6,62,40,36,2,0,0,7,0,0,0,0,0,11,1,1,6,1,3,7,17,4,2,0,0,2021,table,Class A - General Works,domain,en,example,research,ontouml,conjugal relationship,,walk,jog,,,,,flower,school,
haridy2021egyptian-e-government,2,32,16,14,0,0,0,0,0,0,0,0,0,6,0,0,8,2,0,14,2,0,0,0,0,2021,e-government,Class J - Political Science,domain,en,conceptual clarification,industry,ontouml,,,,,,,,,,,
health-organizations,1,24,13,14,0,0,0,0,0,1,0,0,0,6,7,0,1,0,0,2,2,5,0,0,0,2013,healthcare,Class R - Medicine,domain,en,learning,classroom,ontouml,enterprise,,,,,,,,,,
idaf2013,2,46,28,37,0,0,0,0,0,3,0,0,0,5,1,0,3,0,0,21,5,8,0,0,0,2013,organizational structures,Class H - Social Sciences,domain,en,learning,classroom,ontouml,,,,,,,,,,,
internal-affairs2013,3,61,54,35,0,0,0,0,0,0,0,0,0,13,3,0,10,0,0,17,14,4,0,0,0,2013,internal affairs,Class U - Military Science,domain,en,learning,classroom,ontouml,military,,organization,,,,,,,,
internship,1,26,17,19,0,0,0,0,0,0,0,0,0,3,0,0,8,0,0,2,13,0,0,0,0,2013,internship process,Class H - Social Sciences,domain,en,learning,classroom,ontouml,,,,,,,,,,,
it-infrastructure,1,31,15,17,0,0,0,0,0,0,0,0,0,13,1,0,0,0,0,8,5,4,0,0,0,2013,it infrastructure,Class T - Technology,domain,en,conceptual clarification,classroom,ontouml,,learning,,,,,,,,,
jacobs2022sdpontology,3,34,22,5,0,0,0,0,0,1,0,0,0,14,0,0,1,2,0,1,2,0,12,1,0,2022,technology,Class T - Technology,domain,en,decision support system,research,ontouml,software development,,,,industry,,,,,,
junior2018o4c,1,11,5,5,0,0,0,0,0,0,0,0,0,3,0,0,4,0,0,2,0,0,2,0,0,2018,aspect-oriented requirements engineering,Class T - Technology,domain,en,software engineering,research,ontouml,requirements engineering,,software engineering,concerns,,,,,cross-cutting concerns,,
khantong2020ontology,1,30,22,17,0,0,0,0,0,0,0,0,0,13,0,0,0,0,0,4,10,3,0,0,0,2019,disaster management,Class H - Social Sciences,domain,en,data publication,research,ontouml,,,,,,,,,,,
kostov2017towards,3,58,35,45,2,0,0,23,0,1,0,0,0,7,0,0,0,0,0,1,8,0,0,0,0,2016,aviation,Class T - Technology,domain,en,conceptual clarification,research,ontouml,safety,,,,,,,,,,
kritz2020ontobg,4,179,70,150,0,0,0,0,0,6,0,0,0,126,0,0,0,0,0,47,0,0,0,0,0,2020,board games,"Class G - Geography, Anthropology, and Recreation",domain,en,conceptual clarification,research,ontouml,,,,,,,,,,,
laurier2018rea,3,23,18,18,0,0,0,0,0,0,0,6,0,2,0,0,11,0,0,0,4,0,0,0,0,2018,business,Class H - Social Sciences,domain,en,ontological analysis,research,ontouml,finance,interoperability,,,,,,,,,
library,1,43,45,14,0,0,0,0,0,0,0,0,0,7,1,0,14,0,0,4,15,2,0,0,0,2013,library loan process,"Class Z - Bibliography, Library Science, and General Information Resources",domain,en,learning,classroom,ontouml,,,,,,,,,,,
lindeberg2022full-ontorights,16,190,115,155,0,0,0,16,9,17,0,8,0,20,0,0,10,5,12,68,12,9,0,0,0,2022,human rights violations,Class K - Law,domain,en,conceptual clarification,research,ontouml,,,,,,,,,,,
lindeberg2022simple-ontorights,10,61,67,11,0,0,0,3,3,1,0,2,0,10,0,0,5,0,0,2,5,1,20,9,0,2022,human rights violations,Class K - Law,domain,en,software engineering,research,ontouml,,,,,,,,,,,
maddalena2021ontocovid,2,74,72,61,0,0,0,3,0,1,0,0,0,8,0,0,3,1,6,27,14,5,0,0,0,2021,health,Class R - Medicine,domain,pt-br,conceptual clarification,research,ontouml,covid,,,,,,,,,,
martinez2013human-genome,2,10,15,3,0,0,0,0,0,0,0,0,0,1,4,0,2,0,0,0,3,0,0,0,0,2013,healthcare,Class R - Medicine,domain,en,conceptual clarification,research,ontouml,bioinformatics,,,,,,,,,,
mello2022monotheism,1,48,22,18,0,0,0,0,0,0,0,0,0,0,0,0,0,0,0,0,0,0,0,1,0,2022,religion,"Class B - Philosophy, Psychology, Religion",domain,en,conceptual clarification,research,ufo,,,,,,,,,,,
mgic-antt2011,138,1222,655,1119,0,0,0,0,0,36,13,47,0,153,15,6,241,0,76,348,201,64,3,19,0,2011,terrestrial transportation,Class H - Social Sciences,domain,pt-br,conceptual clarification,industry,ontouml,normative acts,,inspection,people,,,,,financing,,
moreira2018saref4health,2,19,10,11,0,0,0,0,0,1,0,0,0,4,1,1,0,2,0,4,1,1,0,1,0,2018,e-health subsystems,Class T - Technology,domain,en,conceptual clarification,research,ontouml,,data publication,,,,,,,,,
music-ontology,1,42,15,36,0,0,0,0,0,0,1,0,0,6,1,0,3,0,0,16,9,5,0,1,0,2013,music,Class M - Music,domain,en,learning,classroom,ontouml,,,,,,,,,,,
nardi2015ufo-s,3,27,48,9,0,0,0,6,0,3,0,8,0,0,1,0,3,0,6,0,0,0,0,0,0,2013,services,Class H - Social Sciences,core,en,conceptual clarification,research,ontouml,,,,,,,,,,,
neves2020nwpontology,1,35,22,19,0,0,0,1,2,1,0,0,0,13,0,0,0,0,0,11,4,0,0,1,0,2020,weather prediction,Class Q - Science,domain,en,conceptual clarification,research,ontouml,,interoperability,,,,,,,,,
neves2021grain-production,1,18,16,2,0,0,0,0,0,7,0,0,0,4,0,0,0,0,0,2,0,0,0,5,0,2021,agriculture,Class S - Agriculture,domain,en,decision support system,research,ontouml,grain production,,,,,application,,,,,
niederkofler2019dssapple,5,68,43,51,6,0,0,9,0,13,1,0,0,5,2,0,4,7,5,4,5,1,0,6,0,2019,apple,Class S - Agriculture,domain,en,ontological analysis,research,ontouml,apple harvest,conceptual clarification,apple diseases,agriculture,,,,,,,
oliveira2007collaboration,2,20,20,9,0,0,0,2,0,3,0,1,0,4,0,0,0,0,1,4,0,0,0,1,0,2007,collaboration,Class H - Social Sciences,domain,en,interoperability,research,ontouml,cooperation,,communication,,,,,,,,
oliveira2022rose,7,63,86,23,12,0,0,14,6,5,0,16,0,0,0,0,2,4,0,4,0,0,0,0,0,2022,risk,Class H - Social Sciences,core,en,conceptual clarification,research,ontouml,value,ontological analysis,security,safety,,,,,,,
online-mentoring,1,29,16,18,0,0,0,0,0,0,0,0,0,6,2,0,3,0,0,3,15,0,0,0,0,2013,online mentoring,Class L - Education,domain,en,conceptual clarification,classroom,ontouml,education,,,,,,,,,,
pereira2015doacao-orgaos,2,25,9,20,0,0,0,0,0,3,0,2,0,4,0,0,2,0,0,2,4,8,0,0,0,2015,organ and tissue donation,Class R - Medicine,domain,pt-br,conceptual clarification,research,ontouml,,,,,,,,,,,
pereira2020ontotrans,1,35,67,0,0,0,0,0,0,0,0,35,0,0,0,0,0,0,0,0,0,0,0,0,0,2020,government transparency,Class J - Political Science,domain,en,conceptual clarification,research,ontouml,,,,,,,,,,,
photography,1,18,11,8,0,0,0,0,0,0,0,0,0,8,2,0,3,0,0,2,3,0,0,0,0,2013,media,Class H - Social Sciences,domain,en,learning,classroom,ontouml,,,,,,,,,,,
plato-ontology2019,8,73,70,36,0,0,0,0,0,2,0,0,0,27,4,0,3,0,4,24,5,2,0,2,0,2019,philosophy,"Class B - Philosophy, Psychology, Religion",domain,en,conceptual clarification,research,ontouml,,,,,,,,,,,
porello2020coex,2,17,37,2,3,0,0,4,0,1,0,2,0,0,0,0,2,0,5,0,0,0,0,0,0,2021,economic exchange,Class H - Social Sciences,domain,en,conceptual clarification,research,ontouml,,,,,,,,,,,
ppo-o2021,4,59,42,35,0,0,0,1,3,2,0,0,0,15,0,0,1,3,0,30,0,0,0,0,0,2021,data preprocessing,Class T - Technology,domain,en,conceptual clarification,research,ontouml,data mining,,,,,,,,,,
project-management-ontology,1,14,7,8,0,0,0,0,0,0,0,1,0,4,0,0,1,0,2,2,2,2,0,0,0,2013,project management,Class H - Social Sciences,domain,en,learning,classroom,ontouml,,,,,,,,,,,
public-expense-ontology2020,3,42,26,25,0,0,0,0,0,1,0,1,0,16,0,0,17,0,0,0,7,0,0,0,0,2020,public expense,Class H - Social Sciences,domain,pt-br,software engineering,research,ontouml,,conceptual clarification,,,,,,,,,
public-tender,6,71,39,44,0,0,0,0,0,0,0,5,0,8,3,0,17,0,0,9,29,0,0,0,0,2013,public tender,Class J - Political Science,domain,en,conceptual clarification,classroom,ontouml,,learning,,,,,,,,,
qam,1,41,20,24,0,0,0,0,0,1,0,0,0,11,1,0,6,0,1,5,8,8,0,0,0,2013,quality assurance process,Class H - Social Sciences,application,en,learning,classroom,ontouml,,,,,,,,,,,
quality-assurance-process-ontology2017,1,37,28,33,0,0,0,9,0,0,0,0,0,0,0,0,0,0,0,3,4,0,0,0,0,2016,quality assurance process,Class H - Social Sciences,domain,en,conceptual clarification,research,ontouml,,interoperability,,,,,,,,,
ramirez2015userfeedback,4,50,36,26,0,0,0,0,0,1,0,2,0,9,0,0,4,0,22,3,6,0,3,0,0,2015,online user feedback,Class T - Technology,domain,en,conceptual clarification,research,ontouml,software engineering,information retrieval,requirements engineering,,,,,,,,
ramos2021bias,2,49,30,34,1,0,0,6,0,3,0,6,0,1,0,0,0,6,20,4,2,0,0,0,0,2021,decision making,Class H - Social Sciences,core,en,conceptual clarification,research,ontouml,intuitive decision making,,behavioral economics,bias,,,,,,,
real-estate-ontology,1,15,5,13,0,0,0,0,0,0,0,3,0,3,0,0,2,0,0,0,7,0,0,0,0,2013,real estate,Class H - Social Sciences,domain,en,learning,classroom,ontouml,,,,,,,,,,,
recommendation-ontology,1,18,10,11,0,0,0,0,0,0,0,0,0,3,0,0,2,0,0,11,0,0,0,2,0,2013,decision support systems,Class T - Technology,domain,en,learning,classroom,ontouml,recommendation,,,,,,,,,,
repa2021public-administration,1,25,9,22,0,0,0,0,0,0,0,0,0,1,0,0,1,0,0,2,7,13,0,0,0,2015,e-government,Class J - Political Science,domain,en,conceptual clarification,research,ontouml,public administration,,,,,,,,,,
richetti2019tdecision,2,31,16,22,0,0,0,0,0,0,0,0,0,0,0,0,0,0,0,0,0,0,0,0,0,2019,decision making,Class H - Social Sciences,domain,en,conceptual clarification,research,ufo,,,,,,,,,,,
rodrigues2017urinary-profiles,7,63,62,51,0,0,0,11,4,2,0,6,0,1,0,3,6,0,3,1,10,1,0,0,0,2015,medicine,Class R - Medicine,domain,en,conceptual clarification,research,ontouml,urine analysis,,,,,,,,,,
rodrigues2019ontocrime,7,106,57,123,0,0,0,0,0,4,2,6,0,6,0,0,0,0,0,0,21,7,0,0,0,2019,criminal law,Class K - Law,domain,en,ontological analysis,research,ufo,law,decision support system,,,,,,,,,ontouml
rodrigues2019turbidite,5,69,99,36,0,17,0,4,8,1,0,4,0,2,0,1,6,0,0,2,9,4,0,0,0,2019,geology,Class Q - Science,domain,en,conceptual clarification,research,ontouml,,interoperability,,,,,,,,,
romanenko2023what,1,55,31,37,0,0,0,2,0,0,0,1,0,4,1,0,5,5,2,18,7,10,0,0,0,2022,library,Class T - Technology,domain,en,learning,research,ontouml,,,,,,,,,,,
saleme2019mulseonto,4,77,37,75,0,0,0,0,0,0,0,0,0,0,0,0,0,0,0,0,0,0,0,0,0,2018,mulsemedia systems,Class T - Technology,domain,en,conceptual clarification,research,ufo,,,,,,,,,,,
sales2018competition,3,27,31,16,1,0,0,0,0,2,1,8,0,0,2,0,4,1,2,2,2,2,0,0,0,2018,competition,Class H - Social Sciences,domain,en,conceptual clarification,research,ontouml,business,,,,,,,,,,
sales2018cover,9,63,58,59,2,0,0,15,4,12,0,13,0,0,0,0,2,3,0,12,0,0,0,0,0,2018,value,Class H - Social Sciences,core,en,conceptual clarification,research,ontouml,risk,,,,,,,,,,
santos2020valuenetworks,1,15,6,10,0,0,0,0,0,4,0,0,0,5,0,0,0,0,0,6,0,0,0,0,0,2020,value networks,Class H - Social Sciences,domain,en,language engineering,research,ontouml,corporate responsibility,,,,,,,,,,
sikora2021online-education,12,65,58,47,0,0,0,0,0,12,0,0,0,25,0,0,2,4,5,16,0,0,0,0,0,2021,education,Class L - Education,domain,en,software engineering,research,ontouml,,,,,,,,,,,
silva2012itarchitecture,7,84,33,70,0,0,0,0,0,9,0,0,0,27,0,0,10,0,0,32,6,0,0,0,0,2012,IT architecture,Class T - Technology,domain,"en, pt-br",interoperability,research,ontouml,service continuity,ontological analysis,,,,,,,,,
silveira2021oap,2,32,25,15,0,0,0,0,0,7,0,2,0,8,0,0,1,0,3,2,9,0,0,0,0,2021,pedagogical architectures,Class L - Education,domain,"pt-br, en",conceptual clarification,research,ontouml,pedagogy,,,,,,,,,,
social-contract,1,33,33,9,0,0,0,0,0,0,0,0,0,12,9,0,3,0,0,7,2,0,0,0,0,2013,social contracts,Class H - Social Sciences,domain,en,learning,classroom,ontouml,,,,,,,,,,,
sousa2022triponto,3,44,36,25,0,0,0,0,0,2,0,6,0,9,0,0,5,0,0,8,6,2,0,6,0,2022,trip,"Class G - Geography, Anthropology, and Recreation",domain,en,conceptual clarification,classroom,ontouml,travel,,,,,,,,,,
spmo2017,3,34,27,32,0,0,0,6,0,0,0,1,0,0,0,0,1,0,8,1,0,0,0,0,0,2015,software project management,Class T - Technology,domain,en,conceptual clarification,research,ontouml,,software engineering,,,,,,,,,
spo2017,15,109,89,118,19,0,0,17,0,7,0,3,0,11,0,0,1,0,10,2,5,0,0,0,0,2008,software process,Class T - Technology,core,en,conceptual clarification,research,ufo,,interoperability,,,,,software engineering,,,,ontouml
sportbooking2021,5,37,38,17,0,0,0,0,0,2,0,0,0,8,1,0,9,0,0,0,10,4,0,3,0,2021,sports,"Class G - Geography, Anthropology, and Recreation",domain,en,software engineering,classroom,ontouml,,learning,,,,,,,,,
srro-ontology,1,20,15,16,0,0,0,0,0,1,0,0,0,7,0,0,0,0,3,4,5,0,0,0,0,2013,software engineering,Class T - Technology,domain,en,learning,classroom,ontouml,,,,,,,,,,,
stock-broker2021,1,14,6,11,0,0,0,0,0,0,0,1,0,2,0,0,2,0,0,2,7,0,0,0,0,2013,stock brokerage,Class H - Social Sciences,domain,en,conceptual clarification,classroom,ontouml,,,,,,,,,,,
swo2016,1,16,9,15,0,0,0,0,0,0,0,0,0,0,0,0,0,0,0,0,0,0,0,0,0,2016,software engineering,Class T - Technology,core,en,conceptual clarification,research,ufo,software,interoperability,,,,,,,,,
tourbo2021,3,49,21,30,0,0,0,0,0,3,0,0,0,7,0,0,4,2,0,16,5,5,0,7,0,2021,tourism,"Class G - Geography, Anthropology, and Recreation",domain,en,software engineering,classroom,ontouml,tour guide,learning,,,,,,,,,
unimatch-ontology2022,1,34,22,15,0,0,0,0,0,0,0,0,0,16,0,0,2,0,0,10,0,5,0,0,1,2023,education,Class L - Education,application,en,software engineering,classroom,ontouml,,learning,,,,,,,,,
university-ontology,2,32,33,16,0,0,0,0,0,0,0,0,0,5,0,0,4,2,0,3,6,9,0,3,0,2013,university,Class L - Education,domain,en,learning,classroom,ontouml,,,,,,,,,,,
valaski2020medical-appointment,1,7,7,2,0,0,0,0,0,0,0,0,0,4,0,0,1,0,0,0,2,0,0,0,0,2020,medical appointment,Class R - Medicine,domain,pt-br,conceptual clarification,research,ontouml,,,,,,,,,,,
van-ee2021modular,8,100,66,78,0,0,0,23,3,12,0,0,0,15,0,0,2,7,1,25,0,3,0,4,0,2021,construction,Class T - Technology,application,"en, nl",interoperability,research,ontouml,,software engineering,,,industry,,,,,,
van-wingerde2020smart-contracts,3,39,42,7,0,0,0,3,0,2,0,2,1,15,2,0,2,0,1,1,4,1,0,0,0,2020,business processes,Class T - Technology,domain,en,conceptual clarification,research,ontouml,,,,,,,,,,,
vieira2020weathering,7,39,60,26,0,2,0,5,12,6,0,1,0,2,0,2,1,5,0,0,1,0,0,0,0,2020,weathering processes,Class Q - Science,domain,en,conceptual clarification,research,ontouml,geology,,,,,,,,,,
weigand2021artifact,5,52,46,29,6,0,4,9,4,9,0,5,7,0,0,0,0,2,1,0,0,0,0,0,1,2020,design science,Class T - Technology,core,en,conceptual clarification,research,ontouml,IT artifact,,information systems,,,,,,,,
zanetti2019orm-o,3,34,22,24,0,0,0,0,0,0,0,0,0,3,0,0,14,1,0,2,14,0,0,0,0,2019,frameworks object/relational mapping,Class T - Technology,domain,en,conceptual clarification,research,ontouml,,,,,,,,,,,
zhou2017hazard,1,17,17,8,0,0,0,0,0,0,0,0,0,0,0,0,0,0,0,0,0,0,0,0,0,2017,hazard,Class H - Social Sciences,domain,en,conceptual clarification,research,ufo,,,,,,,,,,,
zhou2017hazard-ontology-robotic-strolling,1,13,14,0,0,0,0,0,0,0,0,0,0,4,0,0,3,0,0,0,6,0,0,0,0,2017,robotic strolling system,Class T - Technology,domain,en,ontological analysis,research,ontouml,safety,,hazard,,,,,,,,
zhou2017hazard-ontology-train-control,2,25,30,0,0,0,0,0,0,0,0,0,0,10,0,0,5,0,0,0,10,0,0,0,0,2017,train control system,Class T - Technology,domain,en,ontological analysis,research,ontouml,safety,,hazard,,,,,,,,
